dataset,file,column,data_type,unit,description,min,max,missing_count,unique_count,time_related,classification,source_document,notes
BIRDS EPS Dataset,NEPALISAT.xlsx,Time Stamp,int64,UTC String,On-orbit EPS telemetry parameter: Time Stamp,0.0,5395.0,0,1080,YES,IDENTIFIER,Mendeley Data 10.17632/8kp25ycf63.1 / Data in Brief 10.1016/j.dib.2022.108697,Verified flight telemetry from NepaliSat-1 1U CubeSat
BIRDS EPS Dataset,NEPALISAT.xlsx,Tpy (raw),object,ADC Counts,On-orbit EPS telemetry parameter: Tpy (raw),N/A,N/A,0,443,NO,OBSERVED,Mendeley Data 10.17632/8kp25ycf63.1 / Data in Brief 10.1016/j.dib.2022.108697,Verified flight telemetry from NepaliSat-1 1U CubeSat
BIRDS EPS Dataset,NEPALISAT.xlsx,Tpy (°C),float64,°C,On-orbit EPS telemetry parameter: Tpy (°C),-28.33,31.38,0,443,NO,OBSERVED,Mendeley Data 10.17632/8kp25ycf63.1 / Data in Brief 10.1016/j.dib.2022.108697,Verified flight telemetry from NepaliSat-1 1U CubeSat
BIRDS EPS Dataset,NEPALISAT.xlsx,Tpx (raw),object,ADC Counts,On-orbit EPS telemetry parameter: Tpx (raw),N/A,N/A,0,331,NO,OBSERVED,Mendeley Data 10.17632/8kp25ycf63.1 / Data in Brief 10.1016/j.dib.2022.108697,Verified flight telemetry from NepaliSat-1 1U CubeSat
BIRDS EPS Dataset,NEPALISAT.xlsx,Tpx (°C),float64,°C,On-orbit EPS telemetry parameter: Tpx (°C),-25.55,24.16,0,331,NO,OBSERVED,Mendeley Data 10.17632/8kp25ycf63.1 / Data in Brief 10.1016/j.dib.2022.108697,Verified flight telemetry from NepaliSat-1 1U CubeSat
BIRDS EPS Dataset,NEPALISAT.xlsx,Tmz (raw),object,ADC Counts,On-orbit EPS telemetry parameter: Tmz (raw),N/A,N/A,0,406,NO,OBSERVED,Mendeley Data 10.17632/8kp25ycf63.1 / Data in Brief 10.1016/j.dib.2022.108697,Verified flight telemetry from NepaliSat-1 1U CubeSat
BIRDS EPS Dataset,NEPALISAT.xlsx,Tmz (°C),float64,°C,On-orbit EPS telemetry parameter: Tmz (°C),-32.32,32.82,0,406,NO,OBSERVED,Mendeley Data 10.17632/8kp25ycf63.1 / Data in Brief 10.1016/j.dib.2022.108697,Verified flight telemetry from NepaliSat-1 1U CubeSat
BIRDS EPS Dataset,NEPALISAT.xlsx,Tmx (raw),object,ADC Counts,On-orbit EPS telemetry parameter: Tmx (raw),N/A,N/A,0,411,NO,OBSERVED,Mendeley Data 10.17632/8kp25ycf63.1 / Data in Brief 10.1016/j.dib.2022.108697,Verified flight telemetry from NepaliSat-1 1U CubeSat
BIRDS EPS Dataset,NEPALISAT.xlsx,Tmx (°C),float64,°C,On-orbit EPS telemetry parameter: Tmx (°C),-24.22,34.37,0,411,NO,OBSERVED,Mendeley Data 10.17632/8kp25ycf63.1 / Data in Brief 10.1016/j.dib.2022.108697,Verified flight telemetry from NepaliSat-1 1U CubeSat
BIRDS EPS Dataset,NEPALISAT.xlsx,Tpz (raw),object,ADC Counts,On-orbit EPS telemetry parameter: Tpz (raw),N/A,N/A,0,441,NO,OBSERVED,Mendeley Data 10.17632/8kp25ycf63.1 / Data in Brief 10.1016/j.dib.2022.108697,Verified flight telemetry from NepaliSat-1 1U CubeSat
BIRDS EPS Dataset,NEPALISAT.xlsx,Tpz (°C),float64,°C,On-orbit EPS telemetry parameter: Tpz (°C),-17.78,66.44,0,441,NO,OBSERVED,Mendeley Data 10.17632/8kp25ycf63.1 / Data in Brief 10.1016/j.dib.2022.108697,Verified flight telemetry from NepaliSat-1 1U CubeSat
BIRDS EPS Dataset,NEPALISAT.xlsx,Vpy (raw),object,ADC Counts,On-orbit EPS telemetry parameter: Vpy (raw),N/A,N/A,0,365,NO,OBSERVED,Mendeley Data 10.17632/8kp25ycf63.1 / Data in Brief 10.1016/j.dib.2022.108697,Verified flight telemetry from NepaliSat-1 1U CubeSat
BIRDS EPS Dataset,NEPALISAT.xlsx,Vpy (mV),float64,mV,On-orbit EPS telemetry parameter: Vpy (mV),1340.05,5270.15,0,365,NO,OBSERVED,Mendeley Data 10.17632/8kp25ycf63.1 / Data in Brief 10.1016/j.dib.2022.108697,Verified flight telemetry from NepaliSat-1 1U CubeSat
BIRDS EPS Dataset,NEPALISAT.xlsx,Vpx (raw),object,ADC Counts,On-orbit EPS telemetry parameter: Vpx (raw),N/A,N/A,0,455,NO,OBSERVED,Mendeley Data 10.17632/8kp25ycf63.1 / Data in Brief 10.1016/j.dib.2022.108697,Verified flight telemetry from NepaliSat-1 1U CubeSat
BIRDS EPS Dataset,NEPALISAT.xlsx,Vpx (mV),float64,mV,On-orbit EPS telemetry parameter: Vpx (mV),1254.58,5430.4,0,455,NO,OBSERVED,Mendeley Data 10.17632/8kp25ycf63.1 / Data in Brief 10.1016/j.dib.2022.108697,Verified flight telemetry from NepaliSat-1 1U CubeSat
BIRDS EPS Dataset,NEPALISAT.xlsx,Vmz (raw),object,ADC Counts,On-orbit EPS telemetry parameter: Vmz (raw),N/A,N/A,0,332,NO,OBSERVED,Mendeley Data 10.17632/8kp25ycf63.1 / Data in Brief 10.1016/j.dib.2022.108697,Verified flight telemetry from NepaliSat-1 1U CubeSat
BIRDS EPS Dataset,NEPALISAT.xlsx,Vmz (mV),float64,mV,On-orbit EPS telemetry parameter: Vmz (mV),1243.89,5245.73,0,332,NO,OBSERVED,Mendeley Data 10.17632/8kp25ycf63.1 / Data in Brief 10.1016/j.dib.2022.108697,Verified flight telemetry from NepaliSat-1 1U CubeSat
BIRDS EPS Dataset,NEPALISAT.xlsx,Vmx (raw),object,ADC Counts,On-orbit EPS telemetry parameter: Vmx (raw),N/A,N/A,0,334,NO,OBSERVED,Mendeley Data 10.17632/8kp25ycf63.1 / Data in Brief 10.1016/j.dib.2022.108697,Verified flight telemetry from NepaliSat-1 1U CubeSat
BIRDS EPS Dataset,NEPALISAT.xlsx,Vmx (mV),float64,mV,On-orbit EPS telemetry parameter: Vmx (mV),1317.16,5225.89,0,334,NO,OBSERVED,Mendeley Data 10.17632/8kp25ycf63.1 / Data in Brief 10.1016/j.dib.2022.108697,Verified flight telemetry from NepaliSat-1 1U CubeSat
BIRDS EPS Dataset,NEPALISAT.xlsx,Vpz (raw),object,ADC Counts,On-orbit EPS telemetry parameter: Vpz (raw),N/A,N/A,0,469,NO,OBSERVED,Mendeley Data 10.17632/8kp25ycf63.1 / Data in Brief 10.1016/j.dib.2022.108697,Verified flight telemetry from NepaliSat-1 1U CubeSat
BIRDS EPS Dataset,NEPALISAT.xlsx,Vpz (mV),float64,mV,On-orbit EPS telemetry parameter: Vpz (mV),1315.63,5456.35,0,469,NO,OBSERVED,Mendeley Data 10.17632/8kp25ycf63.1 / Data in Brief 10.1016/j.dib.2022.108697,Verified flight telemetry from NepaliSat-1 1U CubeSat
BIRDS EPS Dataset,NEPALISAT.xlsx,Ipy (raw),object,ADC Counts,On-orbit EPS telemetry parameter: Ipy (raw),N/A,N/A,0,83,NO,OBSERVED,Mendeley Data 10.17632/8kp25ycf63.1 / Data in Brief 10.1016/j.dib.2022.108697,Verified flight telemetry from NepaliSat-1 1U CubeSat
BIRDS EPS Dataset,NEPALISAT.xlsx,Ipy (mA),float64,mA,On-orbit EPS telemetry parameter: Ipy (mA),0.0,442.8,0,83,NO,OBSERVED,Mendeley Data 10.17632/8kp25ycf63.1 / Data in Brief 10.1016/j.dib.2022.108697,Verified flight telemetry from NepaliSat-1 1U CubeSat
BIRDS EPS Dataset,NEPALISAT.xlsx,Ipx (raw),object,ADC Counts,On-orbit EPS telemetry parameter: Ipx (raw),N/A,N/A,0,58,NO,OBSERVED,Mendeley Data 10.17632/8kp25ycf63.1 / Data in Brief 10.1016/j.dib.2022.108697,Verified flight telemetry from NepaliSat-1 1U CubeSat
BIRDS EPS Dataset,NEPALISAT.xlsx,Ipx (mA),float64,mA,On-orbit EPS telemetry parameter: Ipx (mA),0.0,284.33,0,58,NO,OBSERVED,Mendeley Data 10.17632/8kp25ycf63.1 / Data in Brief 10.1016/j.dib.2022.108697,Verified flight telemetry from NepaliSat-1 1U CubeSat
BIRDS EPS Dataset,NEPALISAT.xlsx,Imz (raw),object,ADC Counts,On-orbit EPS telemetry parameter: Imz (raw),N/A,N/A,0,64,NO,OBSERVED,Mendeley Data 10.17632/8kp25ycf63.1 / Data in Brief 10.1016/j.dib.2022.108697,Verified flight telemetry from NepaliSat-1 1U CubeSat
BIRDS EPS Dataset,NEPALISAT.xlsx,Imz (mA),float64,mA,On-orbit EPS telemetry parameter: Imz (mA),4.66,312.29,0,64,NO,OBSERVED,Mendeley Data 10.17632/8kp25ycf63.1 / Data in Brief 10.1016/j.dib.2022.108697,Verified flight telemetry from NepaliSat-1 1U CubeSat
BIRDS EPS Dataset,NEPALISAT.xlsx,Imx (raw),object,ADC Counts,On-orbit EPS telemetry parameter: Imx (raw),N/A,N/A,0,83,NO,OBSERVED,Mendeley Data 10.17632/8kp25ycf63.1 / Data in Brief 10.1016/j.dib.2022.108697,Verified flight telemetry from NepaliSat-1 1U CubeSat
BIRDS EPS Dataset,NEPALISAT.xlsx,Imx (mA),float64,mA,On-orbit EPS telemetry parameter: Imx (mA),4.66,410.18,0,83,NO,OBSERVED,Mendeley Data 10.17632/8kp25ycf63.1 / Data in Brief 10.1016/j.dib.2022.108697,Verified flight telemetry from NepaliSat-1 1U CubeSat
BIRDS EPS Dataset,NEPALISAT.xlsx,Ipz (raw),object,ADC Counts,On-orbit EPS telemetry parameter: Ipz (raw),N/A,N/A,0,46,NO,OBSERVED,Mendeley Data 10.17632/8kp25ycf63.1 / Data in Brief 10.1016/j.dib.2022.108697,Verified flight telemetry from NepaliSat-1 1U CubeSat
BIRDS EPS Dataset,NEPALISAT.xlsx,Ipz (mA),float64,mA,On-orbit EPS telemetry parameter: Ipz (mA),4.66,233.06,0,46,NO,OBSERVED,Mendeley Data 10.17632/8kp25ycf63.1 / Data in Brief 10.1016/j.dib.2022.108697,Verified flight telemetry from NepaliSat-1 1U CubeSat
BIRDS EPS Dataset,NEPALISAT.xlsx,Vbat (raw),object,ADC Counts,On-orbit EPS telemetry parameter: Vbat (raw),N/A,N/A,0,14,NO,OBSERVED,Mendeley Data 10.17632/8kp25ycf63.1 / Data in Brief 10.1016/j.dib.2022.108697,Verified flight telemetry from NepaliSat-1 1U CubeSat
BIRDS EPS Dataset,NEPALISAT.xlsx,Vbat (V),float64,V,On-orbit EPS telemetry parameter: Vbat (V),3.87,4.2,0,14,NO,OBSERVED,Mendeley Data 10.17632/8kp25ycf63.1 / Data in Brief 10.1016/j.dib.2022.108697,Verified flight telemetry from NepaliSat-1 1U CubeSat
BIRDS EPS Dataset,NEPALISAT.xlsx,Ibatt(raw),object,ADC Counts,On-orbit EPS telemetry parameter: Ibatt(raw),N/A,N/A,0,232,NO,OBSERVED,Mendeley Data 10.17632/8kp25ycf63.1 / Data in Brief 10.1016/j.dib.2022.108697,Verified flight telemetry from NepaliSat-1 1U CubeSat
BIRDS EPS Dataset,NEPALISAT.xlsx,Ibatt(mA),float64,mA,On-orbit EPS telemetry parameter: Ibatt(mA),-653.24,330.69,0,232,NO,OBSERVED,Mendeley Data 10.17632/8kp25ycf63.1 / Data in Brief 10.1016/j.dib.2022.108697,Verified flight telemetry from NepaliSat-1 1U CubeSat
BIRDS EPS Dataset,NEPALISAT.xlsx,Tbatt raw),object,Unknown,On-orbit EPS telemetry parameter: Tbatt raw),N/A,N/A,0,12,NO,OBSERVED,Mendeley Data 10.17632/8kp25ycf63.1 / Data in Brief 10.1016/j.dib.2022.108697,Verified flight telemetry from NepaliSat-1 1U CubeSat
BIRDS EPS Dataset,NEPALISAT.xlsx,Tbatt (℃),float64,Unknown,On-orbit EPS telemetry parameter: Tbatt (℃),4.52,8.73,0,12,NO,OBSERVED,Mendeley Data 10.17632/8kp25ycf63.1 / Data in Brief 10.1016/j.dib.2022.108697,Verified flight telemetry from NepaliSat-1 1U CubeSat
BIRDS EPS Dataset (Derived),power_subsystem.csv,P_solar_total_W,float64,W,Total instantaneous solar power across 5 faces,0.0,15.0,0,1080,NO,DERIVED,P_solar = sum(V_face * I_face) * 10^-6,Sum of 5 panel powers
BIRDS EPS Dataset (Derived),power_subsystem.csv,P_battery_W,float64,W,Net electrical power flow into (+ charge) or out of (- discharge) battery,-10.0,10.0,0,1080,NO,DERIVED,P_battery = V_batt * I_batt,Net battery power flow
BIRDS EPS Dataset (Derived),power_subsystem.csv,P_load_W,float64,W,Satellite bus load power consumption,0.05,10.0,0,1080,NO,DERIVED,P_load = P_solar_total - P_battery,Electrical load balance
