,count,mean,std,min,25%,50%,75%,max,missing_count,missing_pct,dtypes,iqr_outliers
timestamp_utc,1080.0,2697.5,1559.5672476684038,0.0,1348.75,2697.5,4046.25,5395.0,0,0.0,int64,0
battery_voltage_V,1080.0,4.098898148148148,0.12303916657658008,3.87,3.97,4.2,4.2,4.2,0,0.0,float64,0
battery_current_A,1080.0,0.005277546296296296,0.22372610991901995,-0.65324,-0.09392,-0.03828,0.24284,0.33069,0,0.0,float64,12
battery_temp_C,1080.0,6.650074074074073,1.4420527132779064,4.52,5.28,6.82,7.96,8.73,0,0.0,float64,0
solar_voltage_px_V,1080.0,3.1314943518518517,1.7966384877852928,1.25458,1.26374,3.991915,4.889725,5.4304,0,0.0,float64,0
solar_current_px_A,1080.0,0.03671483333333333,0.05928018090686231,0.0,0.0,0.0,0.06059,0.2843299999999999,0,0.0,float64,64
solar_voltage_mx_V,1080.0,3.6621363148148145,1.7335293690733335,1.31716,1.32479,4.72222,5.07937,5.225890000000001,0,0.0,float64,0
solar_current_mx_A,1080.0,0.0675456851851852,0.10761562340749438,0.00466,0.00932,0.00932,0.07458,0.41018,0,0.0,float64,150
solar_voltage_py_V,1080.0,3.4234520462962963,1.7830386183814542,1.34005,1.3446300000000002,4.639805,5.03816,5.270149999999999,0,0.0,float64,0
solar_current_py_A,1080.0,0.04462978703703703,0.093492742478024,0.0,0.0,0.00466,0.03263,0.4428,0,0.0,float64,140
solar_voltage_my_V,1080.0,3.63677025,1.778147648884738,1.2438900000000002,1.25305,4.7207,5.09005,5.24573,0,0.0,float64,0
solar_current_my_A,1080.0,0.050663277777777765,0.07289150270272915,0.00466,0.00466,0.020974999999999952,0.06992,0.31229,0,0.0,float64,83
solar_voltage_pz_V,1080.0,3.0883565185185184,1.7780425675178784,1.31563,1.32173,1.656745,4.8679825,5.4563500000000005,0,0.0,float64,0
solar_current_pz_A,1080.0,0.03364975,0.057801225806696506,0.00466,0.00466,0.00466,0.01864,0.23306,0,0.0,float64,245
P_solar_total_W,1080.0,1.131618279062222,1.019331051031822,0.018221765,0.03046930515,1.2767638299999993,1.5731592489249997,4.1839903715,0,0.0,float64,16
P_battery_W,1080.0,0.004507083240740731,0.9090665039079836,-2.7436080000000005,-0.394464,-0.160776,0.9645086,1.2963048,0,0.0,float64,15
P_load_W,1080.0,1.1361253623029626,0.14677165891241428,0.8256217984,1.0168695416,1.1089866193,1.19639135345,1.7038846432,0,0.0,float64,27
