,timestamp_utc,battery_voltage_V,battery_current_A,battery_temp_C,solar_voltage_px_V,solar_current_px_A,solar_voltage_mx_V,solar_current_mx_A,solar_voltage_py_V,solar_current_py_A,solar_voltage_my_V,solar_current_my_A,solar_voltage_pz_V,solar_current_pz_A,P_solar_total_W,P_battery_W,P_load_W
timestamp_utc,1.0,0.6619805087578783,-0.10064546399818751,0.4542438155427487,0.26853556383730265,0.11984464780612102,0.3454547908905833,-0.047884419107421625,0.43530631155081007,0.05999081831765508,0.35775191147380286,-0.007411194841805294,0.15938687293503345,0.08349751830290145,0.07292321370700786,-0.08633633996253015,-0.028292782735696836
battery_voltage_V,0.6619805087578783,1.0,-0.6226928677372525,-0.12613703342088226,0.8060272481319041,0.5014782039738506,0.8135979002473384,0.05442582523243335,0.9098923442893796,0.3664271362729838,0.8303170936849188,0.27788199685914183,0.7353082791575487,0.4031410222856304,0.5991912546587623,-0.6143412526901615,0.35631672339484194
battery_current_A,-0.10064546399818751,-0.6226928677372525,1.0,0.6116825193670729,-0.6165500309103852,-0.3049989886763284,-0.8155419130427282,-0.6150040202836464,-0.6420182207368643,-0.4926038616371278,-0.8189079704436798,-0.7828614113888036,-0.6610622620579577,-0.20557967401182892,-0.9943037624416533,0.9997550827791029,-0.7132224444691989
battery_temp_C,0.4542438155427487,-0.12613703342088226,0.6116825193670729,1.0,-0.46669642437614395,-0.38978245103776693,-0.44818873200262643,-0.25321301770646526,-0.2980610774890256,-0.2593167929807407,-0.43510589318924436,-0.33698205322087277,-0.5968333420214259,-0.3988469358975523,-0.6224386419363098,0.6197705733712592,-0.484142287786676
solar_voltage_px_V,0.26853556383730265,0.8060272481319041,-0.6165500309103852,-0.46669642437614395,1.0,0.6590461674884078,0.7816030406763109,0.05758415983831556,0.8693576604092292,0.2319373122651409,0.7843722108088212,0.23136239211805937,0.9272217005951725,0.5216424339191779,0.6012741596781097,-0.6152821357707379,0.3649549337913158
solar_current_px_A,0.11984464780612102,0.5014782039738506,-0.3049989886763284,-0.38978245103776693,0.6590461674884078,1.0,0.47134865867157516,-0.23077173746213853,0.5365601727856315,-0.0036657141166317854,0.4707164368962697,-0.11586666282648715,0.6722444676563187,0.45303950667471043,0.2936593315158609,-0.3033832475638542,0.16038877673440674
solar_voltage_mx_V,0.3454547908905833,0.8135979002473384,-0.8155419130427282,-0.44818873200262643,0.7816030406763109,0.47134865867157516,1.0,0.3755182878858046,0.8755903840236404,0.36215363056037136,0.9923878131478435,0.44779692961494494,0.7375013937789153,0.37050747710986515,0.8022599872500249,-0.8093751255051782,0.5586412316848848
solar_current_mx_A,-0.047884419107421625,0.05442582523243335,-0.6150040202836464,-0.25321301770646526,0.05758415983831556,-0.23077173746213853,0.3755182878858046,1.0,0.032532891737690535,-0.03810793942397928,0.367421667129352,0.7670958481488523,0.04439703116879035,-0.23864926857299767,0.6170276250734084,-0.6112379643696988,0.49941152671779243
solar_voltage_py_V,0.43530631155081007,0.9098923442893796,-0.6420182207368643,-0.2980610774890256,0.8693576604092292,0.5365601727856315,0.8755903840236404,0.032532891737690535,1.0,0.4380084790088663,0.886652163962672,0.2479629083957943,0.7815557420028175,0.41887631195648645,0.6311522035042433,-0.6393154155868512,0.4236022790620189
solar_current_py_A,0.05999081831765508,0.3664271362729838,-0.4926038616371278,-0.2593167929807407,0.2319373122651409,-0.0036657141166317854,0.36215363056037136,-0.03810793942397928,0.4380084790088663,1.0,0.373060448626592,0.25557983942590307,0.26905973513740833,-0.1627168841184649,0.5183702749592894,-0.49953684194250303,0.5060834446541533
solar_voltage_my_V,0.35775191147380286,0.8303170936849188,-0.8189079704436798,-0.43510589318924436,0.7843722108088212,0.4707164368962697,0.9923878131478435,0.367421667129352,0.886652163962672,0.373060448626592,1.0,0.449918100677106,0.7420351181007001,0.37647228091223267,0.8052830322893911,-0.8124346158749355,0.5606866092826146
solar_current_my_A,-0.007411194841805294,0.27788199685914183,-0.7828614113888036,-0.33698205322087277,0.23136239211805937,-0.11586666282648715,0.44779692961494494,0.7670958481488523,0.2479629083957943,0.25557983942590307,0.449918100677106,1.0,0.3132078106233069,-0.1420875764164735,0.7856186749147294,-0.7842206801486713,0.598867371720713
solar_voltage_pz_V,0.15938687293503345,0.7353082791575487,-0.6610622620579577,-0.5968333420214259,0.9272217005951725,0.6722444676563187,0.7375013937789153,0.04439703116879035,0.7815557420028175,0.26905973513740833,0.7420351181007001,0.3132078106233069,1.0,0.555106216265232,0.6470473320824229,-0.6603493717858163,0.40371515012382947
solar_current_pz_A,0.08349751830290145,0.4031410222856304,-0.20557967401182892,-0.3988469358975523,0.5216424339191779,0.45303950667471043,0.37050747710986515,-0.23864926857299767,0.41887631195648645,-0.1627168841184649,0.37647228091223267,-0.1420875764164735,0.555106216265232,1.0,0.18884764087823,-0.2028357574601651,0.05523594554643671
P_solar_total_W,0.07292321370700786,0.5991912546587623,-0.9943037624416533,-0.6224386419363098,0.6012741596781097,0.2936593315158609,0.8022599872500249,0.6170276250734084,0.6311522035042433,0.5183702749592894,0.8052830322893911,0.7856186749147294,0.6470473320824229,0.18884764087823,1.0,-0.9949367324987648,0.782626529268056
P_battery_W,-0.08633633996253015,-0.6143412526901615,0.9997550827791029,0.6197705733712592,-0.6152821357707379,-0.3033832475638542,-0.8093751255051782,-0.6112379643696988,-0.6393154155868512,-0.49953684194250303,-0.8124346158749355,-0.7842206801486713,-0.6603493717858163,-0.2028357574601651,-0.9949367324987648,1.0,-0.7161014743511805
P_load_W,-0.028292782735696836,0.35631672339484194,-0.7132224444691989,-0.484142287786676,0.3649549337913158,0.16038877673440674,0.5586412316848848,0.49941152671779243,0.4236022790620189,0.5060834446541533,0.5606866092826146,0.598867371720713,0.40371515012382947,0.05523594554643671,0.782626529268056,-0.7161014743511805,1.0
