,uid,test_id,sn,test_pressure,vl1,vl2,vl3,anomalous,anomaly_code,cumulated_throughput,cumulated_on_time,cumulated_pulses
uid,1.0,0.03716255920972967,0.9987968472593852,-0.03919442409025893,0.011007919907409005,-0.031507147785741374,,,,0.06034658706495795,0.033657638750226766,0.03320619722400079
test_id,0.03716255920972967,1.0,-0.00485370132231896,-0.7304581741927839,-0.14526250988553152,-0.16577508110345143,,,,0.9127564199533061,0.9985556128371502,0.9959522622522101
sn,0.9987968472593852,-0.00485370132231896,1.0,-0.008467991619669052,0.011131886882854302,-0.030018147180386593,,,,0.019399977970851613,-0.008369797259549273,-0.00871161405562549
test_pressure,-0.03919442409025893,-0.7304581741927839,-0.008467991619669052,1.0,0.10283756832214107,0.13469425501335136,,,,-0.6383804331689231,-0.7254003199481309,-0.7188189635299808
vl1,0.011007919907409005,-0.14526250988553152,0.011131886882854302,0.10283756832214107,1.0,0.38252227504963626,,,,-0.07395929521852812,-0.1453119532097013,-0.14573475492038188
vl2,-0.031507147785741374,-0.16577508110345143,-0.030018147180386593,0.13469425501335136,0.38252227504963626,1.0,,,,0.04021279281003854,-0.15794381093521237,-0.1500523330420492
vl3,,,,,,,,,,,,
anomalous,,,,,,,,,,,,
anomaly_code,,,,,,,,,,,,
cumulated_throughput,0.06034658706495795,0.9127564199533061,0.019399977970851613,-0.6383804331689231,-0.07395929521852812,0.04021279281003854,,,,1.0,0.916134272765188,0.916014443704128
cumulated_on_time,0.033657638750226766,0.9985556128371502,-0.008369797259549273,-0.7254003199481309,-0.1453119532097013,-0.15794381093521237,,,,0.916134272765188,1.0,0.9972133385174615
cumulated_pulses,0.03320619722400079,0.9959522622522101,-0.00871161405562549,-0.7188189635299808,-0.14573475492038188,-0.1500523330420492,,,,0.916014443704128,0.9972133385174615,1.0
