,count,mean,std,min,25%,50%,75%,max,missing_count,missing_pct,iqr_outliers
inclination_deg,14931.0,60.11249292746634,23.89602770648333,0.0029,43.0032,53.1603,86.39675,149.6827,0,0.0,0
raan_deg,14931.0,179.7917618846695,101.94772087604353,0.0469,94.1507,174.0745,272.04949999999997,359.9926,0,0.0,0
eccentricity,14931.0,0.002368024439086464,0.036126390758087136,1.5e-06,0.0001197,0.0001539,0.0002869,0.896198,0,0.0,2198
arg_perigee_deg,14931.0,165.02405694193288,95.51085795919097,0.0116,85.73320000000001,112.6645,268.00395000000003,359.977,0,0.0,0
mean_anomaly_deg,14931.0,195.94030188868797,95.4676125816936,0.0303,92.60589999999999,245.0408,274.38784999999996,359.97,0,0.0,0
mean_motion_rev_per_day,14931.0,14.324584525872348,3.1604693649168687,0.28338209,14.985031105000001,15.27390684,15.302051555,16.31303382,0,0.0,2622
altitude_km,14931.0,2256.090398257249,7419.237588070473,196.1764249164889,482.3366760688277,490.75303480166167,578.6576130991175,91537.46504744608,0,0.0,2609
semi_major_axis_a_km,14931.0,8627.090398257249,7419.237588070473,6567.176424916489,6853.336676068828,6861.753034801662,6949.657613099118,97908.46504744608,0,0.0,2609
derived_perigee_altitude_km,14931.0,2164.3495295466964,7121.788940644588,182.17015837602685,474.3443075259347,482.7265497892531,563.6972353652477,36876.76736409993,0,0.0,2653
derived_apogee_altitude_km,14931.0,2333.557266967801,8165.524499457939,195.9086914569525,476.08349583904055,486.0702612689265,573.7287426149414,173651.3869897961,0,0.0,2618
