,inclination_deg,raan_deg,eccentricity,arg_perigee_deg,mean_anomaly_deg,mean_motion_rev_per_day,altitude_km,semi_major_axis_a_km,derived_perigee_altitude_km,derived_apogee_altitude_km
inclination_deg,1.0,0.060534718641469656,0.006301248832854653,-0.2587501269574633,0.19484240697855296,0.38763842694623324,-0.4456066265796623,-0.44560662657966243,-0.46716889638161463,-0.4023066230932962
raan_deg,0.060534718641469656,1.0,0.0002712919547583065,-0.01939873052044695,0.006319942718756065,0.05793943518371455,-0.06312852931347335,-0.0631285293134731,-0.06792556066303002,-0.05547464935501414
eccentricity,0.006301248832854653,0.0002712919547583065,1.0,0.02987581065030135,-0.05483565521580544,-0.21107335924582996,0.2394468531093614,0.23944685310936142,0.01811911170552524,0.419322199907299
arg_perigee_deg,-0.2587501269574633,-0.01939873052044695,0.02987581065030135,1.0,-0.8642769349024179,-0.07637438112858161,0.10236037725363854,0.10236037725363817,0.10098652211091075,0.0979321316870652
mean_anomaly_deg,0.19484240697855296,0.006319942718756065,-0.05483565521580544,-0.8642769349024179,1.0,0.018300913861563104,-0.04311915130127458,-0.04311915130127402,-0.034345937296636014,-0.048400802646688695
mean_motion_rev_per_day,0.38763842694623324,0.05793943518371455,-0.21107335924582996,-0.07637438112858161,0.018300913861563104,1.0,-0.9572630227575075,-0.9572630227575071,-0.9494777806753196,-0.9114348065354061
altitude_km,-0.4456066265796623,-0.06312852931347335,0.2394468531093614,0.10236037725363854,-0.04311915130127458,-0.9572630227575075,1.0,1.0000000000000002,0.9662718547819424,0.9744494634272448
semi_major_axis_a_km,-0.44560662657966243,-0.0631285293134731,0.23944685310936142,0.10236037725363817,-0.04311915130127402,-0.9572630227575071,1.0000000000000002,1.0,0.9662718547819419,0.9744494634272438
derived_perigee_altitude_km,-0.46716889638161463,-0.06792556066303002,0.01811911170552524,0.10098652211091075,-0.034345937296636014,-0.9494777806753196,0.9662718547819424,0.9662718547819419,1.0,0.8837413922914451
derived_apogee_altitude_km,-0.4023066230932962,-0.05547464935501414,0.419322199907299,0.0979321316870652,-0.048400802646688695,-0.9114348065354061,0.9744494634272448,0.9744494634272438,0.8837413922914451,1.0
